eval_set,instance_id,repo,commit,C,C++,Java,Kotlin,Python,Go,Rust,JavaScript,HTML,Ruby,TypeScript,PHP
SWE-Bench Multilingual,apache__druid-13704,apache/druid,51dfde02840017092486fb75be2b16566aff6a19,0,0,1005160,0,2518,0,0,1450,58,0,47535,0
SWE-Bench Multilingual,apache__druid-14092,apache/druid,4fffee17761286996a8c43154b72db4bcaafb16d,0,0,1033568,0,4661,0,0,1469,58,0,48504,0
SWE-Bench Multilingual,apache__druid-14136,apache/druid,a7d4162195a630c380d75516c24229cc23e25271,0,0,1034727,0,4661,0,0,1469,58,0,48627,0
SWE-Bench Multilingual,apache__druid-15402,apache/druid,1df53d6eb30a019fff69a5ff7533ebbd998a438d,0,0,1123534,0,4736,0,0,1574,58,0,55046,0
SWE-Bench Multilingual,apache__druid-16875,apache/druid,483a03f26c7221f10493d86715985a58e61af967,0,0,1209252,0,801,0,0,1293,58,0,62201,0
SWE-Bench Multilingual,apache__lucene-11760,apache/lucene,0ea8035612344e861bbdeaffca2255e5e1480a6a,0,93,831629,0,7597,0,0,230,5109,0,0,0
SWE-Bench Multilingual,apache__lucene-12022,apache/lucene,11f2bc205652f1f2b2f61ba286cbfd2d77fd2d1b,0,0,838382,0,7618,0,0,230,5110,0,0,0
SWE-Bench Multilingual,apache__lucene-12196,apache/lucene,0651d25713dde144df6541663b18accbc93cdc64,0,0,840420,0,7620,0,0,230,5109,0,0,0
SWE-Bench Multilingual,apache__lucene-12212,apache/lucene,b84b360f588c60e2ebdcaa2ce2e6d49f99dd9deb,0,0,841429,0,7620,0,0,230,5109,0,0,0
SWE-Bench Multilingual,apache__lucene-12626,apache/lucene,de820b67cc6d7fc90446affeb756e70a2ddf6b92,0,0,834404,0,8069,0,0,230,5109,0,0,0
SWE-Bench Multilingual,apache__lucene-13170,apache/lucene,3f4413567d2d41ecee16fcfe2c91a4b84bec0df8,0,0,838608,0,8059,0,0,230,5109,0,0,0
SWE-Bench Multilingual,apache__lucene-13301,apache/lucene,0345fcabb3ceb71fb39c1aa77502bae220f259ca,0,0,834352,0,8059,0,0,230,5109,0,0,0
SWE-Bench Multilingual,apache__lucene-13494,apache/lucene,ab291210db08276fef1b52bf7b840d431e96ce08,0,0,852700,0,8062,0,0,230,5109,0,0,0
SWE-Bench Multilingual,apache__lucene-13704,apache/lucene,ce4f56e74ad1087df8bdc019fc09d1b40438e8b3,0,0,868496,0,8824,0,0,230,5109,0,0,0
SWE-Bench Multilingual,astral-sh__ruff-15309,astral-sh/ruff,75a24bbc67aa31b825b6326cfb6e6afdf3ca90d5,0,0,0,0,127027,0,255951,124,68,0,2551,0
SWE-Bench Multilingual,astral-sh__ruff-15330,astral-sh/ruff,b2a0d68d70ee690ea871fe9b3317be43075ddb33,0,0,0,0,127131,0,256832,124,68,0,2551,0
SWE-Bench Multilingual,astral-sh__ruff-15356,astral-sh/ruff,ee9a912f47e64de13cad0b525a714b46c5e29293,0,0,0,0,127199,0,256965,124,68,0,2551,0
SWE-Bench Multilingual,astral-sh__ruff-15394,astral-sh/ruff,73d424ee5e6963d577e196d71c3b19c82e84e612,0,0,0,0,127270,0,256319,124,68,0,2551,0
SWE-Bench Multilingual,astral-sh__ruff-15443,astral-sh/ruff,d1666fbbeec27fe534f261f388fbd5891546ffcf,0,0,0,0,127381,0,256685,124,68,0,2551,0
SWE-Bench Multilingual,astral-sh__ruff-15543,astral-sh/ruff,3950b00ee410754913122e8104cbc39353b62c0b,0,0,0,0,127697,0,261144,124,68,0,2551,0
SWE-Bench Multilingual,astral-sh__ruff-15626,astral-sh/ruff,13a6b5600b47489ca6af0b5a13d916bda8e50662,0,0,0,0,128599,0,258737,124,68,0,2551,0
SWE-Bench Multilingual,axios__axios-4731,axios/axios,c30252f685e8f4326722de84923fcbc8cf557f06,0,0,0,0,0,0,0,8719,534,0,284,0
SWE-Bench Multilingual,axios__axios-4738,axios/axios,9bb016f95e6de871a44f3276fd06562704a0abb0,0,0,0,0,0,0,0,8894,534,0,287,0
SWE-Bench Multilingual,axios__axios-5085,axios/axios,85740c3e7a1fa48346dfcbd4497f463ccb1c1b05,0,0,0,0,0,0,0,14925,554,0,332,0
SWE-Bench Multilingual,axios__axios-5316,axios/axios,65e8d1e28ce829f47a837e45129730e541950d3c,0,0,0,0,0,0,0,18396,575,0,889,0
SWE-Bench Multilingual,axios__axios-5892,axios/axios,ae003913a39f3bdf9bbbd8f71a1ed681fd044d8b,0,0,0,0,0,0,0,21453,575,0,918,0
SWE-Bench Multilingual,axios__axios-6539,axios/axios,c6cce43cd94489f655f4488c5a50ecaf781c94f2,0,0,0,0,0,0,0,25344,586,0,918,0
SWE-Bench Multilingual,babel__babel-13928,babel/babel,5134505bf93013c5fa7df66704df8d04becb7f7d,0,0,0,0,0,0,0,149825,122,0,51835,0
SWE-Bench Multilingual,babel__babel-14532,babel/babel,fbd065256ca00d68089293ad48ea9aeba5481914,0,0,0,0,0,0,0,153191,122,0,62613,0
SWE-Bench Multilingual,babel__babel-15445,babel/babel,49e4855c10d8f76faf477f2ceb5ecbdbe2c849a3,0,0,0,0,0,0,0,162672,121,0,93245,0
SWE-Bench Multilingual,babel__babel-15649,babel/babel,35116224d21e16fb863293f9011d1d6c97ed0bf4,0,0,0,0,0,0,0,171910,121,0,92506,0
SWE-Bench Multilingual,babel__babel-16130,babel/babel,4e6e3cf1395cafd27f28f113918034232c6c1db5,0,0,0,0,0,0,0,174629,121,0,95485,0
SWE-Bench Multilingual,briannesbitt__carbon-2665,briannesbitt/carbon,01bc4cdefe98ef58d1f9cb31bdbbddddf2a88f7a,0,0,0,0,0,0,0,0,0,0,0,159700
SWE-Bench Multilingual,briannesbitt__carbon-2752,briannesbitt/carbon,09acf64155c16dc6f580f36569ae89344e9734a3,0,0,0,0,0,0,0,0,0,0,0,160751
SWE-Bench Multilingual,briannesbitt__carbon-2762,briannesbitt/carbon,077657bce453df6992607e5aaa538d957068ae40,0,0,0,0,0,0,0,0,0,0,0,161086
SWE-Bench Multilingual,briannesbitt__carbon-2813,briannesbitt/carbon,8c019924327fe0251294adb61543981e3d27652c,0,0,0,0,0,0,0,0,0,0,0,161580
SWE-Bench Multilingual,briannesbitt__carbon-2981,briannesbitt/carbon,1d762cbdb379838b10bde0a5a901c5b5c2a83437,0,0,0,0,0,0,0,0,0,0,0,164525
SWE-Bench Multilingual,briannesbitt__carbon-3005,briannesbitt/carbon,640940f4a9303e458fc29341821395460f32b3b5,0,0,0,0,0,0,0,0,0,0,0,165032
SWE-Bench Multilingual,briannesbitt__carbon-3041,briannesbitt/carbon,b3d0d94a1aab70d5580742659ae45177cec5ebcb,0,0,0,0,0,0,0,0,0,0,0,165217
SWE-Bench Multilingual,briannesbitt__carbon-3073,briannesbitt/carbon,da64770bf83ac06914418db7df14dadd4ded0212,0,0,0,0,0,0,0,0,0,0,0,166091
SWE-Bench Multilingual,briannesbitt__carbon-3098,briannesbitt/carbon,cb0fd285ae34041ef2a0f62dc409bece61ff2bc4,0,0,0,0,0,0,0,0,0,0,0,166279
SWE-Bench Multilingual,briannesbitt__carbon-3103,briannesbitt/carbon,d481d8d69a94dc00e5c1b147ec1f7e7492626b12,0,0,0,0,0,0,0,0,0,0,0,166293
SWE-Bench Multilingual,burntsushi__ripgrep-2209,burntsushi/ripgrep,4dc6c73c5a9203c5a8a89ce2161feca542329812,0,0,0,0,1275,0,29257,0,0,19,0,0
SWE-Bench Multilingual,burntsushi__ripgrep-2576,burntsushi/ripgrep,fed4fea217abbc502f2e823465de903c8f2b623d,0,0,0,0,1286,0,30072,0,0,19,0,0
SWE-Bench Multilingual,caddyserver__caddy-4774,caddyserver/caddy,f7be0ee10131f25620a2f64af7e3ded43eae2049,0,0,0,0,0,37755,0,0,403,0,0,3
SWE-Bench Multilingual,caddyserver__caddy-4943,caddyserver/caddy,7f6a328b4744bbdd5ee07c5eccb3f897390ff982,0,0,0,0,0,39988,0,0,403,0,0,3
SWE-Bench Multilingual,caddyserver__caddy-5404,caddyserver/caddy,960150bb034dc9a549ee7289b1a4eb4abafeb30a,0,0,0,0,0,43829,0,0,412,0,0,3
SWE-Bench Multilingual,caddyserver__caddy-5626,caddyserver/caddy,0e2c7e1d35b287fc0e56d6db2951f791e09b5a37,0,0,0,0,0,46248,0,0,1009,0,0,3
SWE-Bench Multilingual,caddyserver__caddy-5761,caddyserver/caddy,0a6d3333b2c92553e66c93c14d3258a790aac639,0,0,0,0,0,46511,0,0,1043,0,0,3
SWE-Bench Multilingual,caddyserver__caddy-5870,caddyserver/caddy,fae195ac7eb9f4b0e9436384cd0529a11355e367,0,0,0,0,0,47149,0,0,1055,0,0,3
SWE-Bench Multilingual,caddyserver__caddy-5995,caddyserver/caddy,c839a98ff527932fd14460829142c486f4531a7b,0,0,0,0,0,48149,0,0,1058,0,0,3
SWE-Bench Multilingual,caddyserver__caddy-6051,caddyserver/caddy,4181c79a8130a59c40c76437e15265452422ccb1,0,0,0,0,0,48640,0,0,1058,0,0,3
SWE-Bench Multilingual,caddyserver__caddy-6115,caddyserver/caddy,4512be49a9fa55270e9afa632be9ff6c9560c455,0,0,0,0,0,50947,0,0,1066,0,0,3
SWE-Bench Multilingual,caddyserver__caddy-6288,caddyserver/caddy,d129ae6aec6af2182217ee8a235f4df8cd2bbfde,0,0,0,0,0,53851,0,0,1066,0,0,3
SWE-Bench Multilingual,caddyserver__caddy-6345,caddyserver/caddy,f6d2c293e752254769efe21c8d06a16ebad4845e,0,0,0,0,0,54162,0,0,1066,0,0,3
SWE-Bench Multilingual,caddyserver__caddy-6350,caddyserver/caddy,a52917a37dcc40eda1ff5034103d4a89883de2aa,0,0,0,0,0,54167,0,0,1066,0,0,3
SWE-Bench Multilingual,caddyserver__caddy-6370,caddyserver/caddy,198f4385d2f72ccdd853825270f601bea7a7a190,0,0,0,0,0,54308,0,0,1066,0,0,3
SWE-Bench Multilingual,caddyserver__caddy-6411,caddyserver/caddy,59cbb2c83a03b6fe352ae0b5d05581d9148a4d24,0,0,0,0,0,55385,0,0,1087,0,0,3
SWE-Bench Multilingual,facebook__docusaurus-10130,facebook/docusaurus,02e38d8ccf7811af27a9c15ddbadf4d26cfc0eab,0,0,0,0,0,0,0,67898,393,0,74270,0
SWE-Bench Multilingual,facebook__docusaurus-10309,facebook/docusaurus,5e9e1d051b2217b95498ecbc10f7e33f64e7a4d3,0,0,0,0,0,0,0,67947,393,0,77471,0
SWE-Bench Multilingual,facebook__docusaurus-8927,facebook/docusaurus,41f1c1e3c26ad1e24acd3306077e2534dd8fa0db,0,0,0,0,0,0,0,64138,278,0,65914,0
SWE-Bench Multilingual,facebook__docusaurus-9183,facebook/docusaurus,b96004e77ebfb23e7349fa495d2177008186bd42,0,0,0,0,0,0,0,63662,393,0,66872,0
SWE-Bench Multilingual,facebook__docusaurus-9897,facebook/docusaurus,0589b1475d56b0b541348aa56f201ec7c56c56d5,0,0,0,0,0,0,0,67891,393,0,70579,0
SWE-Bench Multilingual,faker-ruby__faker-2705,faker-ruby/faker,4d52bc1e148d5290da10cb2775e244e0023778b0,0,0,0,0,0,0,0,0,0,19368,0,0
SWE-Bench Multilingual,faker-ruby__faker-2970,faker-ruby/faker,37a7ea2cdceae530d79197d887a347a877cd3dd4,0,0,0,0,0,0,0,0,0,20875,0,0
SWE-Bench Multilingual,fastlane__fastlane-19207,fastlane/fastlane,eadd030370cc62807c22fbb1af3663e98e293f8c,147,0,978,0,0,0,0,3,25,114410,0,0
SWE-Bench Multilingual,fastlane__fastlane-19304,fastlane/fastlane,9b6d47e74da8cf05a8993ec8b4c2c66a466ce358,147,0,978,0,0,0,0,3,25,115169,0,0
SWE-Bench Multilingual,fastlane__fastlane-19765,fastlane/fastlane,eaf77b0c319da3f18fc256aa79698aa239e58ef3,147,0,978,0,0,0,0,3,25,115529,0,0
SWE-Bench Multilingual,fastlane__fastlane-20642,fastlane/fastlane,950bb820237d52e15690408083e328f739ac0ef3,147,0,978,0,0,0,0,3,25,120420,0,0
SWE-Bench Multilingual,fastlane__fastlane-20958,fastlane/fastlane,6ff1c49bd90bdc29a94b6f99f568cf86fffc376d,147,0,978,0,0,0,0,3,25,121231,0,0
SWE-Bench Multilingual,fastlane__fastlane-20975,fastlane/fastlane,65db20a25897595169cb64d7e0900b8176aa62c3,147,0,978,0,0,0,0,3,25,122034,0,0
SWE-Bench Multilingual,fastlane__fastlane-21857,fastlane/fastlane,c18d01c03cf22b82ff5e2e03f01e59f956684708,159,0,978,0,0,0,0,3,25,124574,0,0
SWE-Bench Multilingual,fluent__fluentd-3328,fluent/fluentd,07df9a0d850a4f03d95ac82e3d818a90631ad9d3,0,0,0,0,0,0,0,0,0,75157,0,0
SWE-Bench Multilingual,fluent__fluentd-3466,fluent/fluentd,d2867c02472185f610a49cff1cf39c491df1039b,0,0,0,0,0,0,0,0,0,76155,0,0
SWE-Bench Multilingual,fluent__fluentd-3608,fluent/fluentd,a60603346483da721799ccb3faebcbdd757c5f16,0,0,0,0,0,0,0,0,0,78082,0,0
SWE-Bench Multilingual,fluent__fluentd-3616,fluent/fluentd,26c62cddbf236361b797eac498301c7d4a77d010,0,0,0,0,0,0,0,0,0,78122,0,0
SWE-Bench Multilingual,fluent__fluentd-3631,fluent/fluentd,e890533484dfb7d4546f68a84fdff9a98fb459bd,0,0,0,0,0,0,0,0,0,78152,0,0
SWE-Bench Multilingual,fluent__fluentd-3640,fluent/fluentd,8ced42ce86edf5a5c73e009cfd093e6c3fcc7e2d,0,0,0,0,0,0,0,0,0,78228,0,0
SWE-Bench Multilingual,fluent__fluentd-3641,fluent/fluentd,296f02180749bee4c22605474cd95194b04012d8,0,0,0,0,0,0,0,0,0,78183,0,0
SWE-Bench Multilingual,fluent__fluentd-3917,fluent/fluentd,c0f1db966a2809a13de217b0ec0adc9a29decc79,0,0,0,0,0,0,0,0,0,79886,0,0
SWE-Bench Multilingual,fluent__fluentd-4030,fluent/fluentd,a5bf404134f98f32c5cbcbc2f0989d9f88542853,0,0,0,0,0,0,0,0,0,80181,0,0
SWE-Bench Multilingual,fluent__fluentd-4311,fluent/fluentd,fcbcb567c93f8aff3e817371c18dc98b2a5094ff,0,0,0,0,0,0,0,0,0,81322,0,0
SWE-Bench Multilingual,fluent__fluentd-4598,fluent/fluentd,a6978e59adaced5626506d5083056c39f4b629bf,0,0,0,0,0,0,0,0,0,82568,0,0
SWE-Bench Multilingual,fluent__fluentd-4655,fluent/fluentd,6f5ea8971d1c9aa5cad29bf6aaf24789e868f842,0,0,0,0,0,0,0,0,0,82664,0,0
SWE-Bench Multilingual,fmtlib__fmt-1683,fmtlib/fmt,981b517ccf2d91bf3bf52c518ac43710b57b5e17,31425,14658,0,0,1144,0,0,2,401,0,0,0
SWE-Bench Multilingual,fmtlib__fmt-2310,fmtlib/fmt,7612f18dc8e0112e64e0845a1ebe9da6cfb8a123,23679,17801,0,0,1080,0,0,2,399,0,0,0
SWE-Bench Multilingual,fmtlib__fmt-2317,fmtlib/fmt,ece4b4b33a96db77beccca3957505e689cbc4279,23682,17812,0,0,1080,0,0,2,399,0,0,0
SWE-Bench Multilingual,fmtlib__fmt-2457,fmtlib/fmt,4b8bda25c05d9f959ffed9a0580f0ded623177e5,24145,18340,0,0,1252,0,0,2,399,0,0,0
SWE-Bench Multilingual,fmtlib__fmt-3158,fmtlib/fmt,80f8d34427d40ec5e7ce3b10ededc46bd4bd5759,26232,19227,0,0,1227,0,0,2,401,0,0,0
SWE-Bench Multilingual,fmtlib__fmt-3248,fmtlib/fmt,840ec8569ddb304345f082bb82d733742f431504,26407,19381,0,0,1227,0,0,2,401,0,0,0
SWE-Bench Multilingual,fmtlib__fmt-3272,fmtlib/fmt,0f42c17d85f26bbbd6a30d71ce8306d371426bfc,26336,19221,0,0,1226,0,0,2,401,0,0,0
SWE-Bench Multilingual,fmtlib__fmt-3729,fmtlib/fmt,5cfd28d476c6859617878f951931b8ce7d36b9df,26330,19421,0,0,1107,0,0,1,401,0,0,0
SWE-Bench Multilingual,fmtlib__fmt-3750,fmtlib/fmt,5471a2426c432503bdadeab0c03df387bea97463,26443,19442,0,0,1107,0,0,1,401,0,0,0
SWE-Bench Multilingual,fmtlib__fmt-3863,fmtlib/fmt,dfe5b12c08dfa803fe5a275b380991df25f4b52d,26926,19686,0,0,1138,0,0,1,401,0,0,0
SWE-Bench Multilingual,fmtlib__fmt-3901,fmtlib/fmt,365c3fbd258fb3df69007fc7a22c0472dd31dcbb,26989,19671,0,0,1138,0,0,1,401,0,0,0
SWE-Bench Multilingual,gin-gonic__gin-1805,gin-gonic/gin,70a0aba3e423246be37462cfdaedd510c26c566e,0,0,0,0,0,10512,0,0,0,0,0,0
SWE-Bench Multilingual,gin-gonic__gin-1957,gin-gonic/gin,09a3650c97ca7ef3a542d428a9fb2c8da8c18002,0,0,0,0,0,10926,0,0,0,0,0,0
SWE-Bench Multilingual,gin-gonic__gin-2121,gin-gonic/gin,2ee0e963942d91be7944dfcc07dc8c02a4a78566,0,0,0,0,0,11182,0,0,0,0,0,0
SWE-Bench Multilingual,gin-gonic__gin-2755,gin-gonic/gin,f2bbdfe9f26d84cb994f381050692a9e4553bf75,0,0,0,0,0,12677,0,0,0,0,0,0
SWE-Bench Multilingual,gin-gonic__gin-3227,gin-gonic/gin,51aea73ba0f125f6cacc3b4b695efdf21d9c634f,0,0,0,0,0,13807,0,0,0,0,0,0
SWE-Bench Multilingual,gin-gonic__gin-3741,gin-gonic/gin,c2ba8f19ec19914b73290c53a32de479cd463555,0,0,0,0,0,14019,0,0,0,0,0,0
SWE-Bench Multilingual,gin-gonic__gin-3820,gin-gonic/gin,9f598a31aafb92d675f38f1c8371e4ac76f858bf,0,0,0,0,0,14135,0,0,0,0,0,0
SWE-Bench Multilingual,gin-gonic__gin-4003,gin-gonic/gin,9c081de9cdd1948f521d47d170d18cbc2981c33a,0,0,0,0,0,15032,0,0,0,0,0,0
SWE-Bench Multilingual,gohugoio__hugo-12171,gohugoio/hugo,a322282e70c2935c79f9c0f5c593bfdd032eb964,0,0,0,0,0,131140,0,178,4318,0,0,0
SWE-Bench Multilingual,gohugoio__hugo-12204,gohugoio/hugo,b1de03f398620eb97e005ae01e1955627475b7c9,0,0,0,0,0,131434,0,178,4318,0,0,0
SWE-Bench Multilingual,gohugoio__hugo-12343,gohugoio/hugo,060cce0a910ffd9dc4e92efbe758fc5f187c3145,0,0,0,0,0,132687,0,178,4437,0,0,0
SWE-Bench Multilingual,gohugoio__hugo-12448,gohugoio/hugo,196132753649e6e714f05c83122737cabd0da310,0,0,0,0,0,133745,0,178,4427,0,0,0
SWE-Bench Multilingual,gohugoio__hugo-12562,gohugoio/hugo,c8dac67defbb512877e974814e196782989b8214,0,0,0,0,0,136077,0,3455,4439,0,0,0
SWE-Bench Multilingual,gohugoio__hugo-12579,gohugoio/hugo,9c4e14eb4f890d2a3caad2dcd9209609b7274914,0,0,0,0,0,136903,0,3455,4439,0,0,0
SWE-Bench Multilingual,gohugoio__hugo-12768,gohugoio/hugo,83235262d06a060bd22c168b3413903667b8aeb6,0,0,0,0,0,140632,0,3791,4359,0,0,0
SWE-Bench Multilingual,google__gson-1014,google/gson,7719e73a108c450666613c279bedaed724cd9cc9,0,0,24549,0,0,0,0,29,23215,0,0,0
SWE-Bench Multilingual,google__gson-1093,google/gson,0aaef0fd1bb1b9729543dc40168adfb829eb75a4,0,0,24667,0,0,0,0,29,23215,0,0,0
SWE-Bench Multilingual,google__gson-1100,google/gson,f0aa1118e9ef66ed324f9a63cdfb551cb4e9eca5,0,0,24782,0,0,0,0,29,23215,0,0,0
SWE-Bench Multilingual,google__gson-2024,google/gson,16b42ff5805074126c2e5484450c182773e408a2,0,0,25774,0,0,0,0,0,0,0,0,0
SWE-Bench Multilingual,google__gson-2061,google/gson,be0a1f4ff74bcd01580887cc9f3ec592d773f24c,0,0,25860,0,0,0,0,0,0,0,0,0
SWE-Bench Multilingual,google__gson-2134,google/gson,96ab171eb48dcea94fd9b8f425f65c531e6c3aad,0,0,26426,0,0,0,0,0,0,0,0,0
SWE-Bench Multilingual,google__gson-2158,google/gson,796193d0326a2f44bc314bf24262732ea3e64014,0,0,27829,0,0,0,0,0,0,0,0,0
SWE-Bench Multilingual,google__gson-2311,google/gson,9f26679e7a96f0bb9952c326b2d9f79ef03ea9f5,0,0,30993,0,0,0,0,0,0,0,0,0
SWE-Bench Multilingual,google__gson-2479,google/gson,4dfae77af3d543bea2782f85a154cc070290f086,0,0,33596,0,0,0,0,0,0,0,0,0
SWE-Bench Multilingual,hashicorp__terraform-34580,hashicorp/terraform,8faa757e20d8df6c458a002c6bd4e1bc26f41581,0,0,0,0,0,373193,0,0,0,0,0,0
SWE-Bench Multilingual,hashicorp__terraform-34814,hashicorp/terraform,310331bdc6b747b68b2e2dd6be257dfc78677973,0,0,0,0,0,381357,0,0,0,0,0,0
SWE-Bench Multilingual,hashicorp__terraform-34900,hashicorp/terraform,f2e4cb411ed6dfd36fd4f9960a74d8f29c7b8882,0,0,0,0,0,374278,0,0,0,0,0,0
SWE-Bench Multilingual,hashicorp__terraform-35543,hashicorp/terraform,24833a2b062126a71ef30a86a6d1fc3823afdfdb,0,0,0,0,0,397237,0,0,0,0,0,0
SWE-Bench Multilingual,hashicorp__terraform-35611,hashicorp/terraform,047c1af0b4a9e1e650f3811d011bcb92b2ceb15a,0,0,0,0,0,398323,0,0,0,0,0,0
SWE-Bench Multilingual,immutable-js__immutable-js-2005,immutable-js/immutable-js,77434b3cbbc8ee21206f4cc6965e1c9b09cc92b6,0,0,0,0,0,0,0,7205,0,0,11114,0
SWE-Bench Multilingual,immutable-js__immutable-js-2006,immutable-js/immutable-js,493afba6ec17d9c999dc5a15ac80c71c6bdba1c3,0,0,0,0,0,0,0,7274,0,0,10731,0
SWE-Bench Multilingual,javaparser__javaparser-4538,javaparser/javaparser,e0eb16b8870fc05c03ab794e502dd76f97422e26,0,0,213183,0,0,0,0,0,0,0,0,0
SWE-Bench Multilingual,javaparser__javaparser-4561,javaparser/javaparser,5be2e76b62e43b3c524b94463afe2294ac419fc8,0,0,214450,0,0,0,0,0,0,0,0,0
SWE-Bench Multilingual,jekyll__jekyll-8047,jekyll/jekyll,ab6ef0b257e4c7aafec0518d93bea3e9c4b75b75,0,0,0,0,0,0,0,1073,974,15947,0,3
SWE-Bench Multilingual,jekyll__jekyll-8167,jekyll/jekyll,11dd8934166d0947055bc01017426bad01277bc1,0,0,0,0,0,0,0,1073,993,16146,0,3
SWE-Bench Multilingual,jekyll__jekyll-8761,jekyll/jekyll,310459370ad8bb9c0b574735dcca4868a5f05803,0,0,0,0,0,0,0,1073,1005,17199,0,3
SWE-Bench Multilingual,jekyll__jekyll-8771,jekyll/jekyll,d45fb9647761c8c208865f71cedb9f2f0dc26f1d,0,0,0,0,0,0,0,1073,1005,17310,0,3
SWE-Bench Multilingual,jekyll__jekyll-9141,jekyll/jekyll,bb851e235dfbe1f197388aea3e7f0eeb1b50c4e3,0,0,0,0,0,0,0,1073,1005,17475,0,3
SWE-Bench Multilingual,jordansissel__fpm-1829,jordansissel/fpm,c7e7b187316a0969c90706b04db35e78b0e2fc09,0,0,0,0,155,0,0,0,0,8408,0,0
SWE-Bench Multilingual,jordansissel__fpm-1850,jordansissel/fpm,809c7269442f6b6e4be7c3d480bb4489caa281c5,0,0,0,0,155,0,0,0,0,8580,0,0
SWE-Bench Multilingual,jqlang__jq-2235,jqlang/jq,b8816caf0a7f58c6483f4344e222a6fea47732e8,32742,0,0,0,273,0,0,50,38,0,0,0
SWE-Bench Multilingual,jqlang__jq-2598,jqlang/jq,4dc2a2fb9df94ec45d107b798173c7db9c695a7f,32956,0,0,0,283,0,0,50,38,0,0,0
SWE-Bench Multilingual,jqlang__jq-2650,jqlang/jq,d8072564c28d38d29aa0a7c416621f02c19f7f44,32953,0,0,0,283,0,0,50,38,0,0,0
SWE-Bench Multilingual,jqlang__jq-2658,jqlang/jq,c077b95ba2dcaafee39e302cc086bf99fa9248d0,32946,0,0,0,283,0,0,50,38,0,0,0
SWE-Bench Multilingual,jqlang__jq-2681,jqlang/jq,c08ecbaf239592018a2050b8515040d4a9f2e7aa,32979,0,0,0,283,0,0,50,38,0,0,0
SWE-Bench Multilingual,jqlang__jq-2728,jqlang/jq,87e3dfddb80015bd71259a4a295ca73bed398bd2,33011,0,0,0,291,0,0,50,38,0,0,0
SWE-Bench Multilingual,jqlang__jq-2750,jqlang/jq,98f709d0c1fd87a8b6a3e10c679442667712b264,33052,0,0,0,306,0,0,50,38,0,0,0
SWE-Bench Multilingual,jqlang__jq-2839,jqlang/jq,f86566b2631b777c0d0c9a4572eb21146a14829b,33812,0,0,0,319,0,0,34,38,0,0,0
SWE-Bench Multilingual,jqlang__jq-2919,jqlang/jq,7f547827e47b5ade563a293329deb4226496d72f,33861,0,0,0,319,0,0,34,38,0,0,0
SWE-Bench Multilingual,laravel__framework-46234,laravel/framework,3799f7f3118d57dc5d3dfaabde69a912fff65a7e,0,0,0,0,0,0,0,0,0,0,0,212132
SWE-Bench Multilingual,laravel__framework-48573,laravel/framework,0bf186a30279212a44d6818f8db6ddf70baa4d1a,0,0,0,0,0,0,0,0,0,0,0,224315
SWE-Bench Multilingual,laravel__framework-48636,laravel/framework,4a9ae49f3969c4648b5ee000e6692a449e34c2a8,0,0,0,0,0,0,0,0,0,0,0,224350
SWE-Bench Multilingual,laravel__framework-51195,laravel/framework,5362c4aa52beb83078b4c25d980f4d3ff1fff69e,0,0,0,0,0,0,0,0,0,0,0,246706
SWE-Bench Multilingual,laravel__framework-51890,laravel/framework,5ed0ce8bbbc50843f4a63b47ed7004326e546697,0,0,0,0,0,0,0,58,0,0,0,249420
SWE-Bench Multilingual,laravel__framework-52451,laravel/framework,b8ca298a5475497d01b194ed5688441454d8ee34,0,0,0,0,0,0,0,58,0,0,0,253843
SWE-Bench Multilingual,laravel__framework-52680,laravel/framework,bb670ae486579b6121dc21f3dee35a1b50825746,0,0,0,0,0,0,0,58,0,0,0,257195
SWE-Bench Multilingual,laravel__framework-52684,laravel/framework,455598c577fab3898e1d84ddbaa142780c8b192d,0,0,0,0,0,0,0,58,0,0,0,257219
SWE-Bench Multilingual,laravel__framework-52866,laravel/framework,4c7850844e218b4fa25e29c83bc80b7ef06836cb,0,0,0,0,0,0,0,58,0,0,0,258727
SWE-Bench Multilingual,laravel__framework-53206,laravel/framework,5c9cb78beb156b501c25e571739982f05aab90c9,0,0,0,0,0,0,0,58,0,0,0,260118
SWE-Bench Multilingual,laravel__framework-53696,laravel/framework,9ec9479e8e10d766eeeb85a3bdd451a505abf8ec,0,0,0,0,0,0,0,58,0,0,0,262934
SWE-Bench Multilingual,laravel__framework-53914,laravel/framework,37d48c45e0e2496c3acecee431416c1d1aab52bb,0,0,0,0,0,0,0,58,0,0,0,264197
SWE-Bench Multilingual,laravel__framework-53949,laravel/framework,3ac290c1a551bd6aaf2c2cc46cec1e42facae0e4,0,0,0,0,0,0,0,58,0,0,0,264332
SWE-Bench Multilingual,micropython__micropython-10095,micropython/micropython,cc26bf7406dac7822de347d14a9935c101d7e8aa,286647,27,0,0,50797,0,0,89,185,0,0,0
SWE-Bench Multilingual,micropython__micropython-12158,micropython/micropython,c0d4c604e6a140c0f2967e1b43fd94d0b029c73f,293849,27,0,0,53680,0,0,89,185,0,0,0
SWE-Bench Multilingual,micropython__micropython-13039,micropython/micropython,fce8d9fd55409ab1027beee5671bc653fb5beb97,288151,31,0,0,52904,0,0,89,185,0,0,0
SWE-Bench Multilingual,micropython__micropython-13569,micropython/micropython,2d7fb9a715d8c9f1f7ba73a62cfd587fa6ffc24a,298379,31,0,0,53930,0,0,89,185,0,0,0
SWE-Bench Multilingual,micropython__micropython-15898,micropython/micropython,b0ba151102a6c1b2e0e4c419c6482a64677c9b40,308160,45,0,0,56210,0,0,1476,185,0,0,0
SWE-Bench Multilingual,mrdoob__three.js-25687,mrdoob/three.js,114134e195a451fdbaa8d2e9492d869d5c853814,0,0,0,0,0,0,0,362548,299512,0,0,0
SWE-Bench Multilingual,mrdoob__three.js-26589,mrdoob/three.js,8d9f8d50b923d5f8a673590ae138bc5d86a3a256,0,0,0,0,0,0,0,329709,321838,0,0,0
SWE-Bench Multilingual,mrdoob__three.js-27395,mrdoob/three.js,b99b3fd955864f534b1e2649518112f7e50fef21,0,0,0,0,0,0,0,355076,328256,0,0,0
SWE-Bench Multilingual,nlohmann__json-4237,nlohmann/json,3780b41dd070436f3f55327b0a88f27a52e2dfa8,6802,96948,0,0,775,0,0,0,18,0,0,0
SWE-Bench Multilingual,nushell__nushell-12901,nushell/nushell,cc9f41e553333b1ad0aa4185a912f7a52355a238,0,0,0,0,174,0,224312,0,0,0,0,0
SWE-Bench Multilingual,nushell__nushell-12950,nushell/nushell,0c5a67f4e5bf17a2fffbe3cbb54792a6464b3237,0,0,0,0,174,0,208857,0,0,0,0,0
SWE-Bench Multilingual,nushell__nushell-13246,nushell/nushell,46ed69ab126015375d5163972ae321715f34874b,0,0,0,0,181,0,213797,0,0,0,0,0
SWE-Bench Multilingual,nushell__nushell-13605,nushell/nushell,48e401834d604563106a6ef3738a996d38c790ca,0,0,0,0,188,0,224705,0,0,0,0,0
SWE-Bench Multilingual,nushell__nushell-13831,nushell/nushell,fb34a4fc6c9ca882cc6dc95d437902a45c402e9a,0,0,0,0,188,0,228821,0,0,0,0,0
SWE-Bench Multilingual,php-cs-fixer__php-cs-fixer-7523,php-cs-fixer/php-cs-fixer,10fb65e3e8b8645f74f6ab099dfa11ce5ac5cfcd,0,0,0,0,0,0,0,0,0,0,0,188247
SWE-Bench Multilingual,php-cs-fixer__php-cs-fixer-7635,php-cs-fixer/php-cs-fixer,826207ac6996fc1cf433e18476cf898e33c4aa06,0,0,0,0,0,0,0,0,0,2,0,190729
SWE-Bench Multilingual,php-cs-fixer__php-cs-fixer-7663,php-cs-fixer/php-cs-fixer,c5cde0cf7542234dc061af8a25f77fcdad430e35,0,0,0,0,0,0,0,0,0,2,0,191203
SWE-Bench Multilingual,php-cs-fixer__php-cs-fixer-7875,php-cs-fixer/php-cs-fixer,18d9e42f276f65ba45da02597191ce555bf23cd0,0,0,0,0,0,0,0,0,0,2,0,196079
SWE-Bench Multilingual,php-cs-fixer__php-cs-fixer-7998,php-cs-fixer/php-cs-fixer,efe7a396a3e5434123011a808cf8d57681713530,0,0,0,0,0,0,0,0,0,2,0,200172
SWE-Bench Multilingual,php-cs-fixer__php-cs-fixer-8064,php-cs-fixer/php-cs-fixer,c3dbbcfd7f9a8a7cd38d2107790f29479a33ad78,0,0,0,0,0,0,0,0,0,2,0,202471
SWE-Bench Multilingual,php-cs-fixer__php-cs-fixer-8075,php-cs-fixer/php-cs-fixer,f0a95a77782538eafca6c4d2f2f2792be3dbbfcf,0,0,0,0,0,0,0,0,0,2,0,203155
SWE-Bench Multilingual,php-cs-fixer__php-cs-fixer-8256,php-cs-fixer/php-cs-fixer,27dde9afa3d4db851f8aaffc820f697a5dbe747f,0,0,0,0,0,0,0,0,0,2,0,205816
SWE-Bench Multilingual,php-cs-fixer__php-cs-fixer-8331,php-cs-fixer/php-cs-fixer,ae2b729efb3507871ddf501424b1a92db4e5b16a,0,0,0,0,0,0,0,0,0,2,0,206887
SWE-Bench Multilingual,php-cs-fixer__php-cs-fixer-8367,php-cs-fixer/php-cs-fixer,50594cc3bca17298f81b5d4c3bd993275f7a6b55,0,0,0,0,0,0,0,0,0,2,0,207360
SWE-Bench Multilingual,phpoffice__phpspreadsheet-3463,phpoffice/phpspreadsheet,99a7de3812c9033b80eddbf759efd298cd50c3c5,0,0,0,0,0,0,0,7,148,0,0,176070
SWE-Bench Multilingual,phpoffice__phpspreadsheet-3469,phpoffice/phpspreadsheet,e4a770eae9e1751314296ca4342b3c6271c9ba13,0,0,0,0,0,0,0,7,148,0,0,176481
SWE-Bench Multilingual,phpoffice__phpspreadsheet-3570,phpoffice/phpspreadsheet,40203ff6cb18c9fff9f605ba78f21ce95fd04d6c,0,0,0,0,0,0,0,7,148,0,0,179169
SWE-Bench Multilingual,phpoffice__phpspreadsheet-3659,phpoffice/phpspreadsheet,37a8a56299d3098032e3f8e1c2790607e226952e,0,0,0,0,0,0,0,7,148,0,0,182351
SWE-Bench Multilingual,phpoffice__phpspreadsheet-3903,phpoffice/phpspreadsheet,0c8a80e83470bd4e042c500955684cad6f76b19f,0,0,0,0,0,0,0,7,191,0,0,185085
SWE-Bench Multilingual,phpoffice__phpspreadsheet-3940,phpoffice/phpspreadsheet,9b3f2055288f3166374e02f2636071a959b1bf37,0,0,0,0,0,0,0,7,191,0,0,185594
SWE-Bench Multilingual,phpoffice__phpspreadsheet-4114,phpoffice/phpspreadsheet,b40636742533721d55a434838830e30d57889aef,0,0,0,0,0,0,0,7,371,0,0,189095
SWE-Bench Multilingual,phpoffice__phpspreadsheet-4186,phpoffice/phpspreadsheet,27d7920c015700654bd24807520346eada5f6f38,0,0,0,0,0,0,0,7,371,0,0,193470
SWE-Bench Multilingual,phpoffice__phpspreadsheet-4214,phpoffice/phpspreadsheet,915bfc55cd6217e059b5859b341bab7bdd0874c8,0,0,0,0,0,0,0,7,371,0,0,194158
SWE-Bench Multilingual,phpoffice__phpspreadsheet-4313,phpoffice/phpspreadsheet,eacaa25dca01b79b9b468184c452b97ad0b30dd7,0,0,0,0,0,0,0,7,371,0,0,196535
SWE-Bench Multilingual,preactjs__preact-2757,preactjs/preact,b17a932342bfdeeaf1dc0fbe4f436c83e258d6c8,0,0,0,0,0,0,0,27799,219,0,1136,0
SWE-Bench Multilingual,preactjs__preact-2896,preactjs/preact,a9f7e676dc03b5008b8483e0937fc27c1af8287f,0,0,0,0,0,0,0,29127,501,0,1153,0
SWE-Bench Multilingual,preactjs__preact-2927,preactjs/preact,ee76c1eb169897412501d86fbe40122b34cd2e8d,0,0,0,0,0,0,0,30132,501,0,1170,0
SWE-Bench Multilingual,preactjs__preact-3010,preactjs/preact,c12331064f4ea967641cd5e419204422af050fbb,0,0,0,0,0,0,0,30678,501,0,1170,0
SWE-Bench Multilingual,preactjs__preact-3062,preactjs/preact,7556b61bd0d9f72bbd906c3abaebf2b1c9aeacbf,0,0,0,0,0,0,0,30730,501,0,1170,0
SWE-Bench Multilingual,preactjs__preact-3345,preactjs/preact,e0e17046753fe09881dfb8d5a69b44933d1fa1ea,0,0,0,0,0,0,0,30843,501,0,1173,0
SWE-Bench Multilingual,preactjs__preact-3454,preactjs/preact,00c8d1ff1498084c15408cf0014d4c7facdb5dd7,0,0,0,0,0,0,0,31314,501,0,1173,0
SWE-Bench Multilingual,preactjs__preact-3562,preactjs/preact,0b9a9275b47e446106e6e97c78011896f7db2a61,0,0,0,0,0,0,0,31650,501,0,1173,0
SWE-Bench Multilingual,preactjs__preact-3567,preactjs/preact,c77e6284c199761d59467d8cc596a2f03540e72c,0,0,0,0,0,0,0,31670,501,0,1173,0
SWE-Bench Multilingual,preactjs__preact-3689,preactjs/preact,9457b221fdacd1052ffdb385918e1bab4b10e833,0,0,0,0,0,0,0,32203,501,0,1174,0
SWE-Bench Multilingual,preactjs__preact-3739,preactjs/preact,2cafedee2ddf7c73795e887ef1970df4be2bca90,0,0,0,0,0,0,0,32607,731,0,1186,0
SWE-Bench Multilingual,preactjs__preact-3763,preactjs/preact,e968a5a4000dfa9bec7e8d7b26543b23def6d29d,0,0,0,0,0,0,0,32796,731,0,1186,0
SWE-Bench Multilingual,preactjs__preact-4152,preactjs/preact,9c5a82efcc3dcbd0035c694817a3022d81264687,0,0,0,0,0,0,0,33162,744,0,1269,0
SWE-Bench Multilingual,preactjs__preact-4182,preactjs/preact,66cb6a78776b263a2fe4d1283426e699961095d2,0,0,0,0,0,0,0,33868,744,0,1312,0
SWE-Bench Multilingual,preactjs__preact-4245,preactjs/preact,13b0afb7a28adb3149d7125fb2b9c16edbcf8e94,0,0,0,0,0,0,0,34276,750,0,1321,0
SWE-Bench Multilingual,preactjs__preact-4316,preactjs/preact,b820d8b73eade8bc5b3fbf7e5fe0dd5150de80e2,0,0,0,0,0,0,0,34700,750,0,1321,0
SWE-Bench Multilingual,preactjs__preact-4436,preactjs/preact,db0f4f2e7a2338ea40050f623f05505a798fc1a4,0,0,0,0,0,0,0,34819,750,0,1324,0
SWE-Bench Multilingual,projectlombok__lombok-2792,projectlombok/lombok,9b3e84717d301d7a6829420f5849cf1465e73131,30,0,84099,0,0,0,0,506,3237,0,0,0
SWE-Bench Multilingual,projectlombok__lombok-3009,projectlombok/lombok,8bbac04478cb088eedceb4c63dcb45e30f0948ed,30,0,86438,0,0,0,0,506,3327,0,0,0
SWE-Bench Multilingual,projectlombok__lombok-3042,projectlombok/lombok,5155060ddf48b683a902b9d354d0fd07df7a79a1,30,0,86682,0,0,0,0,506,3327,0,0,0
SWE-Bench Multilingual,projectlombok__lombok-3052,projectlombok/lombok,ff7b1fbb438dbb378f9e0f725ed5f80fa7b82f55,30,0,86855,0,0,0,0,506,3327,0,0,0
SWE-Bench Multilingual,projectlombok__lombok-3215,projectlombok/lombok,f090e50d0d5d75c121b6170927b1e776160eb37d,30,0,89719,0,0,0,0,440,3398,0,0,0
SWE-Bench Multilingual,projectlombok__lombok-3312,projectlombok/lombok,b69ff85b9494a1a05a5763ef53069437328d443a,30,0,90072,0,0,0,0,440,3398,0,0,0
SWE-Bench Multilingual,projectlombok__lombok-3326,projectlombok/lombok,9e6f66c557205bff3c87eefb4c7a7631d0b89ff0,30,0,90255,0,0,0,0,440,3398,0,0,0
SWE-Bench Multilingual,projectlombok__lombok-3350,projectlombok/lombok,984cd1d5cf0af7263efaf167dc308ab59406cd68,30,0,90598,0,0,0,0,440,3398,0,0,0
SWE-Bench Multilingual,projectlombok__lombok-3371,projectlombok/lombok,13642eb896ae6dbbaebab6df3c3758296102ead8,30,0,90578,0,0,0,0,440,3398,0,0,0
SWE-Bench Multilingual,projectlombok__lombok-3422,projectlombok/lombok,dbd6ad41df78e1c1491be60ec0166ceb3bd8bb05,30,0,91750,0,0,0,0,440,3398,0,0,0
SWE-Bench Multilingual,projectlombok__lombok-3479,projectlombok/lombok,8e55a957589cf1a45d6c3890c1d5d0d1b51558b0,30,0,92090,0,0,0,0,440,3398,0,0,0
SWE-Bench Multilingual,projectlombok__lombok-3486,projectlombok/lombok,28e5ddb075b61525ba686f3ed6ecbf7f762fc558,30,0,92181,0,0,0,0,440,3398,0,0,0
SWE-Bench Multilingual,projectlombok__lombok-3571,projectlombok/lombok,55f3a02909957f97c2496ef25135857bf27cdd36,30,0,93787,0,0,0,0,440,3441,0,0,0
SWE-Bench Multilingual,projectlombok__lombok-3594,projectlombok/lombok,2773ed5943f3ca3055c915dda325b0503944e9b0,30,0,94476,0,0,0,0,440,3441,0,0,0
SWE-Bench Multilingual,projectlombok__lombok-3602,projectlombok/lombok,f3a4b1b4151a9dd1646f1b170c17f5f29903f45a,30,0,94804,0,0,0,0,440,3441,0,0,0
SWE-Bench Multilingual,projectlombok__lombok-3674,projectlombok/lombok,c61a404b410bd482fcd6a48d303fb483932214d0,30,0,97856,0,0,0,0,440,3441,0,0,0
SWE-Bench Multilingual,projectlombok__lombok-3697,projectlombok/lombok,fdafa9a0a69009d508578287e53d9cb57edc5deb,30,0,98042,0,0,0,0,440,3441,0,0,0
SWE-Bench Multilingual,prometheus__prometheus-10633,prometheus/prometheus,64fc3e58fec13af55968db89a484b9e0c5425bd6,0,0,0,0,0,119719,0,11939,413,0,13644,0
SWE-Bench Multilingual,prometheus__prometheus-10720,prometheus/prometheus,89de30a0b754f4eb54fb543037683f3db6cda109,0,0,0,0,0,119940,0,11949,413,0,13687,0
SWE-Bench Multilingual,prometheus__prometheus-11859,prometheus/prometheus,5ec1b4baaf01dae0b22567db53886c83b74e0e76,0,0,0,0,0,152116,0,11969,414,0,14257,0
SWE-Bench Multilingual,prometheus__prometheus-12874,prometheus/prometheus,9071913fd99fcdea9ea069b277f2be66b08e549c,0,0,0,0,0,165681,0,11969,414,0,14321,0
SWE-Bench Multilingual,prometheus__prometheus-13845,prometheus/prometheus,25a8d576717f4a69290d6f6755b4a90cfaab08ff,0,0,0,0,0,177997,0,12124,414,0,14729,0
SWE-Bench Multilingual,prometheus__prometheus-14861,prometheus/prometheus,9f57f14d6c5e3c10ed212010cb34522458f43d64,0,0,0,0,0,196251,0,12128,414,0,15277,0
SWE-Bench Multilingual,prometheus__prometheus-15142,prometheus/prometheus,16bba78f1549cfd7909b61ebd7c55c822c86630b,0,0,0,0,0,198833,0,3618,43,0,33856,0
SWE-Bench Multilingual,prometheus__prometheus-9248,prometheus/prometheus,1fb3c1b5980d2ae3f844b6b9ae2ad38117710aa0,0,0,0,0,0,109580,0,13203,989,0,13007,0
SWE-Bench Multilingual,reactivex__rxjava-7597,reactivex/rxjava,13a8d83656940dce0c18e8e0a2a17ac157dd1ddb,0,0,315298,0,0,0,0,0,0,0,0,0
SWE-Bench Multilingual,redis__redis-10068,redis/redis,e88f6acb94c77c9a5b81f0b2a8bd132b2a5c3d3c,169476,229,0,0,643,0,0,0,6718,722,0,0
SWE-Bench Multilingual,redis__redis-10095,redis/redis,1e25bdf7808bb400f2dc552ec0d6690d1b340d23,169550,229,0,0,643,0,0,0,6718,722,0,0
SWE-Bench Multilingual,redis__redis-10764,redis/redis,843a4cdc075a5b251e1b154f8013a9e0abe1038b,178337,229,0,0,684,0,0,0,6718,768,0,0
SWE-Bench Multilingual,redis__redis-11279,redis/redis,eedb8b172474dd7776d9bbb0f2954a1394027289,179560,229,0,0,746,0,0,0,6718,772,0,0
SWE-Bench Multilingual,redis__redis-11510,redis/redis,a4bcdbcfd3a055eb6320f31e5c710931708a9501,180935,229,0,0,746,0,0,0,6718,772,0,0
SWE-Bench Multilingual,redis__redis-11631,redis/redis,df327b8bd56023931cd41e233f8703de7bbaa82c,182268,229,0,0,746,0,0,0,6718,772,0,0
SWE-Bench Multilingual,redis__redis-11734,redis/redis,45d3310694406fb0f338f7c639cda9754edb88f8,199503,407,0,0,1238,0,0,30,6718,649,0,0
SWE-Bench Multilingual,redis__redis-12272,redis/redis,7f0a7f0a69318788edeca5a55ce05e278fdaa90b,207597,407,0,0,1252,0,0,30,6718,639,0,0
SWE-Bench Multilingual,redis__redis-12472,redis/redis,6abfda54c380c07ea0d460706833929654fac25a,199457,407,0,0,1238,0,0,30,6718,649,0,0
SWE-Bench Multilingual,redis__redis-13115,redis/redis,4979cf02ff83e90ced80db5111452a4c3e082c3a,201463,407,0,0,1252,0,0,30,6718,649,0,0
SWE-Bench Multilingual,redis__redis-13338,redis/redis,94b9072e44af0bae8cfe2de5cfa4af7b8e399759,207459,407,0,0,1252,0,0,30,6718,639,0,0
SWE-Bench Multilingual,redis__redis-9733,redis/redis,77d3c6bff30331fb94a8570adc29872368e15ca2,162952,229,0,0,211,0,0,0,6718,722,0,0
SWE-Bench Multilingual,rubocop__rubocop-13362,rubocop/rubocop,7e82e44afdf65d585603a2b615e497eefa5b02a9,0,0,0,0,0,0,0,0,585,214609,0,0
SWE-Bench Multilingual,rubocop__rubocop-13375,rubocop/rubocop,75160946ac3620005874d5188101dab77d585be2,0,0,0,0,0,0,0,0,585,215307,0,0
SWE-Bench Multilingual,rubocop__rubocop-13393,rubocop/rubocop,8454d9332297e82b50239fcaaae74cc2e7c4a399,0,0,0,0,0,0,0,0,585,215853,0,0
SWE-Bench Multilingual,rubocop__rubocop-13396,rubocop/rubocop,3e855b0e2eb51311c690bb809d767653d1a0ee4a,0,0,0,0,0,0,0,0,585,215936,0,0
SWE-Bench Multilingual,rubocop__rubocop-13424,rubocop/rubocop,acae60d2b80987b0f4e3b6fd26c99b0975ba618e,0,0,0,0,0,0,0,0,585,216538,0,0
SWE-Bench Multilingual,rubocop__rubocop-13431,rubocop/rubocop,33b9f51cc0bdad7585a855018625c155493664ec,0,0,0,0,0,0,0,0,585,216717,0,0
SWE-Bench Multilingual,rubocop__rubocop-13479,rubocop/rubocop,04dd02e71a444fb36019d892fde6948a88aac637,0,0,0,0,0,0,0,0,585,217309,0,0
SWE-Bench Multilingual,rubocop__rubocop-13503,rubocop/rubocop,5800663c334011cc0fb580498ebc54f5a09187c2,0,0,0,0,0,0,0,0,585,218598,0,0
SWE-Bench Multilingual,rubocop__rubocop-13560,rubocop/rubocop,fd13dabcae2ad9fdf228029671dee6f1ee96248a,0,0,0,0,0,0,0,0,585,219642,0,0
SWE-Bench Multilingual,rubocop__rubocop-13579,rubocop/rubocop,c5ac2b9a31dbe8dac520ecf4307b1ac206a65630,0,0,0,0,0,0,0,0,585,220024,0,0
SWE-Bench Multilingual,rubocop__rubocop-13627,rubocop/rubocop,020c1bf13b25b7ec5f15ac467c7538eba3cef0b4,0,0,0,0,0,0,0,0,585,220541,0,0
SWE-Bench Multilingual,rubocop__rubocop-13653,rubocop/rubocop,34beb4adc7d00bf828031783d860441c1aed659a,0,0,0,0,0,0,0,0,585,221778,0,0
SWE-Bench Multilingual,rubocop__rubocop-13668,rubocop/rubocop,418fdc98d631cfb52333c7aeae80c43c4a68d13a,0,0,0,0,0,0,0,0,585,222966,0,0
SWE-Bench Multilingual,rubocop__rubocop-13680,rubocop/rubocop,9500c427cf346ba523984d7a692e23a943d57a9f,0,0,0,0,0,0,0,0,585,223979,0,0
SWE-Bench Multilingual,rubocop__rubocop-13687,rubocop/rubocop,f0ec1b58283bbf89625883b45d2aec5e515c95b3,0,0,0,0,0,0,0,0,585,224012,0,0
SWE-Bench Multilingual,rubocop__rubocop-13705,rubocop/rubocop,f2671d877442d7553fe2d0998ec934e36400b8f9,0,0,0,0,0,0,0,0,585,224145,0,0
SWE-Bench Multilingual,sharkdp__bat-1892,sharkdp/bat,59d4cfb75c1a17a26b2b38956ee08d8c53f04e04,112,122,69,134,410,117,6841,190,229,132,221,165
SWE-Bench Multilingual,sharkdp__bat-2201,sharkdp/bat,02a9d191ed06e6e37d4e352f12e25e65e8037dd0,576,122,69,134,6904,117,7587,6879,229,132,221,165
SWE-Bench Multilingual,sharkdp__bat-2260,sharkdp/bat,c14ce4f7caa36fe524975c51f7aae3d5a852d1f9,576,122,69,134,6904,117,7599,6879,229,132,221,165
SWE-Bench Multilingual,sharkdp__bat-2393,sharkdp/bat,7c847d84b0c3c97df6badfbb39d153ad93aec74e,576,122,69,134,6904,117,8114,6879,229,132,221,165
SWE-Bench Multilingual,sharkdp__bat-2650,sharkdp/bat,e2bf85e749d87459e3fced697af5cd9cc96eeb8c,576,122,69,134,6904,117,9036,6879,229,132,221,165
SWE-Bench Multilingual,sharkdp__bat-2835,sharkdp/bat,db66e4459bc4e66c03629d7cbc235f59245280c0,576,122,69,134,6904,117,9263,6879,229,132,221,165
SWE-Bench Multilingual,sharkdp__bat-3108,sharkdp/bat,2be3a14a7e2c74360765a5fa213750f727f2c5bb,576,122,69,134,6904,117,10797,6879,229,132,221,165
SWE-Bench Multilingual,sharkdp__bat-562,sharkdp/bat,2b9d25df052e50c60531b1000703b79bf9b6065a,0,0,0,0,39,0,3067,0,0,0,0,0
SWE-Bench Multilingual,tokio-rs__axum-1119,tokio-rs/axum,23808f72a2c00c314cedea40a75b73954402a148,0,0,0,0,0,0,17535,12,48,0,0,0
SWE-Bench Multilingual,tokio-rs__axum-1730,tokio-rs/axum,b4204e223dc96df3d51fc8893f32d37b66be7005,0,0,0,0,0,0,22880,26,50,0,0,0
SWE-Bench Multilingual,tokio-rs__axum-1934,tokio-rs/axum,e97462d45251c21ffd1ba4fb5db30f3cf6f6cb6c,0,0,0,0,0,0,24212,26,50,0,0,0
SWE-Bench Multilingual,tokio-rs__axum-2096,tokio-rs/axum,6f7ff8556587d51c6919a864926e4b8090f92c3f,0,0,0,0,0,0,24463,26,50,0,0,0
SWE-Bench Multilingual,tokio-rs__axum-682,tokio-rs/axum,5512ebcd23d261a2be5ee07676721b7637ffc054,0,0,0,0,0,0,12512,11,46,0,0,0
SWE-Bench Multilingual,tokio-rs__axum-691,tokio-rs/axum,d6ce99190b2d53e5858678264027e656197f0efa,0,0,0,0,0,0,12490,11,46,0,0,0
SWE-Bench Multilingual,tokio-rs__axum-734,tokio-rs/axum,84df7eaa38aa38b3a4b4153678316c0700fc4fa8,0,0,0,0,0,0,13936,11,46,0,0,0
SWE-Bench Multilingual,tokio-rs__tokio-4384,tokio-rs/tokio,553cc3b194df875cac8736473e1f01cf3e40a660,0,0,0,0,0,0,57666,0,0,0,0,0
SWE-Bench Multilingual,tokio-rs__tokio-4867,tokio-rs/tokio,53cf021b813c61cdeace26e863c89f65f6e92abd,0,0,0,0,0,0,64096,0,0,0,0,0
SWE-Bench Multilingual,tokio-rs__tokio-4898,tokio-rs/tokio,9d9488db67136651f85d839efcb5f61aba8531c9,0,0,0,0,0,0,64087,0,0,0,0,0
SWE-Bench Multilingual,tokio-rs__tokio-6551,tokio-rs/tokio,0a85a9662d30139c779ea49a59be30db0f292b5d,0,0,0,0,0,0,83213,0,0,0,0,0
SWE-Bench Multilingual,tokio-rs__tokio-6603,tokio-rs/tokio,873cb8ae2fc291eaffbd71e3c83d17b2f0ed7abf,0,0,0,0,0,0,83315,0,0,0,0,0
SWE-Bench Multilingual,tokio-rs__tokio-6724,tokio-rs/tokio,0cbf1a5adae81e8ff86ca6d040aeee67cf888262,0,0,0,0,0,0,84294,0,0,0,0,0
SWE-Bench Multilingual,tokio-rs__tokio-6752,tokio-rs/tokio,ab53bf0c4727ae63c6a3a3d772b7bd837d2f49c3,0,0,0,0,0,0,84465,0,0,0,0,0
SWE-Bench Multilingual,tokio-rs__tokio-6838,tokio-rs/tokio,d6213594ca3767f182e8981fde7a119575e94c65,0,0,0,0,0,0,85016,0,0,0,0,0
SWE-Bench Multilingual,tokio-rs__tokio-7139,tokio-rs/tokio,b8ac94ed70df22f885bad7ea3c0ff51c536bad4a,0,0,0,0,0,0,87306,0,0,0,0,0
SWE-Bench Multilingual,uutils__coreutils-6377,uutils/coreutils,e2aa2c74408d46da900cad4a0b764c8760a300ff,0,0,0,0,408,0,123982,72,0,0,0,0
SWE-Bench Multilingual,uutils__coreutils-6575,uutils/coreutils,bc0b4880e000b881a1cabc733b2d261f3526d15e,0,0,0,0,408,0,127440,72,0,0,0,0
SWE-Bench Multilingual,uutils__coreutils-6682,uutils/coreutils,b89a6255a9cb5ee09867707f395d02929273dc45,0,0,0,0,408,0,127608,72,0,0,0,0
SWE-Bench Multilingual,uutils__coreutils-6690,uutils/coreutils,af86aee6b86a99736ca304ff656d0e4c6d547333,0,0,0,0,408,0,127660,72,0,0,0,0
SWE-Bench Multilingual,uutils__coreutils-6731,uutils/coreutils,a4088475832957e070b8f904cd3a33a818d07d72,0,0,0,0,408,0,127983,72,0,0,0,0
SWE-Bench Multilingual,valkey-io__valkey-1499,valkey-io/valkey,93b701d8d48eaf87077e707dd77eaaed0e66900f,216902,424,0,0,1498,0,0,30,6718,886,0,0
SWE-Bench Multilingual,valkey-io__valkey-1842,valkey-io/valkey,4de8cf3567b4dfd3a541219462b22d46c730c4b4,218788,424,0,0,1498,0,0,30,6718,886,0,0
SWE-Bench Multilingual,valkey-io__valkey-790,valkey-io/valkey,35a188833335332980a16239ac2efebf241c8a6a,204232,407,0,0,1500,0,0,30,6718,886,0,0
SWE-Bench Multilingual,valkey-io__valkey-928,valkey-io/valkey,5d97f5133c271313cd5a172617e8af1fe845e0e2,204676,407,0,0,1500,0,0,30,6718,886,0,0
SWE-Bench Multilingual,vuejs__core-11589,vuejs/core,3653bc0f45d6fedf84e29b64ca52584359c383c0,0,0,0,0,0,0,0,1921,2176,0,114669,0
SWE-Bench Multilingual,vuejs__core-11739,vuejs/core,cb843e0be31f9e563ccfc30eca0c06f2a224b505,0,0,0,0,0,0,0,1927,2137,0,115618,0
SWE-Bench Multilingual,vuejs__core-11870,vuejs/core,67d6596d40b1807b9cd8eb0d9282932ea77be3c0,0,0,0,0,0,0,0,1927,2137,0,116517,0
SWE-Bench Multilingual,vuejs__core-11899,vuejs/core,706d4ac1d0210b2d9134b3228280187fe02fc971,0,0,0,0,0,0,0,2115,2137,0,116388,0
SWE-Bench Multilingual,vuejs__core-11915,vuejs/core,d0b513eb463f580e29378e43d112ff6859aa366e,0,0,0,0,0,0,0,2115,2137,0,116374,0
